ID,Nome,Valor Venda,Valor Devolução,Qtd Notas,Qtd Clientes
ID00001,Mariah Aparecida,8459.78,3206.06,431,332
ID00002,Thomas Mendonça,2663.28,680.83,415,2485
ID00003,Liz Mendes,9681.22,1733.18,914,1790
ID00004,Sr. Thiago Carvalho,5096.4,718.18,774,777
ID00005,Davi Miguel Sá,6221.85,779.31,932,4363
ID00006,José Nascimento,9829.58,3982.05,924,1204
ID00007,Dra. Clara das Neves,3170.46,1156.95,921,2705
ID00008,Brayan Rodrigues,4774.21,240.38,445,2591
ID00009,Dr. Carlos Eduardo Fogaça,6147.78,2806.5,990,4527
ID00010,Luara Pimenta,4822.4,2086.44,267,511
ID00011,Gabrielly Novaes,8069.78,2213.94,15,765
ID00012,Melina Moreira,7225.08,1440.77,845,10
ID00013,Bento Novaes,6157.78,2549.52,342,1999
ID00014,Caleb Silveira,7329.76,2578.77,65,1566
ID00015,Agatha Pimenta,9178.49,1017.45,823,1168
ID00016,Lívia da Cruz,8051.48,1803.41,83,2622
ID00017,Sra. Ana Luiza Correia,8763.36,4372.79,502,894
ID00018,Hellena da Costa,3084.32,448.91,128,4485
ID00019,Yago Machado,3394.23,1565.16,209,4942
ID00020,Bruno Dias,5517.58,793.59,94,4885
ID00021,Rebeca Caldeira,7999.56,1268.12,248,2379
ID00022,Yuri da Rocha,1920.3,788.73,34,2131
ID00023,Srta. Lívia Nogueira,4817.66,216.37,776,1067
ID00024,Yan Pastor,8780.03,4053.66,863,658
ID00025,Pedro Miguel Borges,8991.91,4150.14,554,3206
ID00026,Maria Isis Dias,8394.87,2201.87,535,1930
ID00027,Isabella da Rocha,8509.91,3808.35,604,3436
ID00028,Gabriel Cirino,5838.98,1315.41,677,2928
ID00029,José Pedro Melo,915.49,280.5,499,4810
ID00030,Caio Rocha,6338.46,2678.25,249,133
ID00031,Dom Andrade,7341.74,429.98,226,3048
ID00032,Vitor Hugo Rodrigues,7966.37,1324.55,836,510
ID00033,Valentina da Mota,1096.01,80.21,715,1793
ID00034,Isabela Cunha,547.82,157.19,932,4377
ID00035,Mariah Pacheco,6061.49,224.27,128,1545
ID00036,Rael Monteiro,6102.75,1757.45,401,750
ID00037,Maria Alice Barros,3764.39,1845.52,38,4961
ID00038,Sr. Ryan Pastor,314.2,150.98,190,1015
ID00039,Lívia Correia,4844.41,1761.32,63,187
ID00040,Antony Siqueira,5487.93,1702.9,856,2130
ID00041,Danilo Santos,793.04,28.54,309,2870
ID00042,Marcelo Vieira,4417.08,134.81,479,323
ID00043,Lucas Gabriel Lima,6005.2,2099.79,401,1634
ID00044,Carlos Eduardo Viana,2675.32,1209.78,482,4668
ID00045,Henry Aparecida,1777.3,597.74,990,476
ID00046,Yasmin Pereira,7907.62,625.53,166,2805
ID00047,Ana Sophia Alves,5341.79,313.06,944,3624
ID00048,Gabriel Pereira,6689.5,44.16,698,3358
ID00049,Bárbara Gonçalves,9010.97,3941.42,940,2552
ID00050,Léo Camargo,6524.44,1267.84,674,2056
ID00051,Antônio Correia,1618.79,559.15,469,648
ID00052,Davi Mendes,3425.57,78.27,288,1105
ID00053,Bento Rocha,2477.29,1180.59,361,4999
ID00054,Yago Lima,2949.99,529.82,970,1085
ID00055,Beatriz da Luz,7184.63,1393.88,425,662
ID00056,Henry Barbosa,115.09,11.07,343,1312
ID00057,Liz Ferreira,2470.22,787.26,388,4655
ID00058,Emilly Araújo,8757.92,138.14,893,4649
ID00059,Nina Aparecida,4240.44,1404.0,48,1358
ID00060,Beatriz Sampaio,4508.99,584.43,162,3657
ID00061,Gabriela da Luz,5322.97,1296.85,575,4948
ID00062,Dr. Enzo Gabriel Sampaio,7579.3,3349.58,507,2671
ID00063,Gabrielly Vargas,3189.38,744.55,829,3401
ID00064,Emanuel Castro,1961.21,980.04,649,684
ID00065,Dr. Dante Peixoto,8390.74,547.59,16,3292
ID00066,Emanuella Albuquerque,9500.52,1983.16,4,1750
ID00067,Maria Luísa Nunes,241.48,91.13,843,4329
ID00068,Luana Rezende,6159.41,586.56,623,1627
ID00069,Dr. José Cassiano,8749.17,1224.81,187,821
ID00070,Alice Marques,4808.49,2218.56,643,667
ID00071,Srta. Lívia Sousa,316.27,144.52,820,949
ID00072,Yago da Mota,8627.46,575.54,534,2844
ID00073,Isaque Teixeira,1239.58,95.72,872,153
ID00074,Maria Pimenta,518.75,53.36,266,4575
ID00075,Luiz Henrique Pastor,3215.66,589.9,582,345
ID00076,Caroline Silva,8478.96,4075.0,623,4051
ID00077,Mathias Souza,7152.34,3228.24,656,3568
ID00078,Anna Liz Abreu,3787.25,1018.64,213,3077
ID00079,Evelyn Sampaio,5912.54,26.3,155,2224
ID00080,Sr. Isaque Câmara,3400.74,1342.65,736,768
ID00081,Melissa Garcia,3448.73,1070.03,43,2209
ID00082,Dra. Maria Vitória Andrade,1722.22,845.54,297,2957
ID00083,Mariah Vargas,4008.44,1099.28,301,942
ID00084,Ana Clara Cavalcante,4832.84,579.23,50,2523
ID00085,Ana Luiza da Luz,1877.91,491.12,73,2480
ID00086,Srta. Melissa Moura,4091.37,672.05,425,891
ID00087,Agatha Andrade,1084.06,492.52,486,2762
ID00088,Lunna das Neves,8424.4,4112.07,352,1019
ID00089,Ana Julia Leão,4842.96,1694.06,437,310
ID00090,Yan Porto,3088.84,1134.76,916,1276
ID00091,Davi Lucca Albuquerque,9204.92,2884.56,385,713
ID00092,Maria Vitória Dias,751.76,31.83,768,1811
ID00093,Heitor Albuquerque,705.45,2.77,404,4559
ID00094,Srta. Vitória Pimenta,5238.14,1174.77,501,4792
ID00095,Gabriel Campos,7172.62,779.14,86,3018
ID00096,Fernanda da Rosa,2279.36,1138.66,600,1365
ID00097,Fernando Brito,4369.09,783.2,66,227
ID00098,Maria Laura Pires,9039.81,2041.24,694,1653
ID00099,Antônio da Mota,1277.21,254.14,213,345
ID00100,Bruna da Cunha,9970.7,3975.48,639,1199
ID00101,Vicente Rezende,1135.83,260.34,371,4477
ID00102,Manuella Camargo,8287.17,434.03,611,3997
ID00103,João Lucas Almeida,1569.18,318.47,697,3468
ID00104,Asafe Costela,8788.8,2177.01,940,2642
ID00105,Joana Novais,8351.98,4168.4,651,1655
ID00106,Dr. Asafe Souza,5473.81,2548.92,10,2788
ID00107,Dra. Sabrina Silva,7085.38,2646.53,326,2637
ID00108,Natália Porto,451.14,33.47,264,4937
ID00109,Maria Fernanda Nascimento,7863.25,3311.74,597,2412
ID00110,Gustavo Henrique Garcia,7209.5,2909.23,68,694
ID00111,Lavínia Albuquerque,5213.63,2386.58,68,1844
ID00112,Dom da Mata,1391.89,209.1,778,3675
ID00113,Dr. Léo Silva,3372.88,270.99,153,3775
ID00114,Lucca Vasconcelos,9689.12,2446.5,923,4341
ID00115,Ana Carolina Aparecida,5074.04,1455.93,695,4244
ID00116,Enrico Cassiano,7602.68,3765.35,765,3493
ID00117,Lavínia Fonseca,9067.23,934.4,549,4904
ID00118,Caroline da Rocha,4236.62,2060.16,866,3184
ID00119,Rhavi Siqueira,6113.56,713.98,886,168
ID00120,Benicio das Neves,6604.15,0.79,187,2478
ID00121,Vicente Siqueira,5117.89,651.15,68,4043
ID00122,Kevin Guerra,8612.85,4060.73,311,3343
ID00123,Dr. Oliver Caldeira,3903.18,748.78,168,1044
ID00124,Rodrigo Melo,2465.62,899.27,343,455
ID00125,Dr. Davi Mendes,9424.43,2268.13,145,4030
ID00126,Theo Lima,8910.62,2681.95,84,1241
ID00127,Kevin Farias,8121.86,1432.58,37,3820
ID00128,Dra. Daniela Cavalcante,3928.16,92.38,483,1241
ID00129,Maria Flor Porto,300.26,89.82,136,2654
ID00130,Benício Barros,1142.4,313.67,355,1598
ID00131,Henry Araújo,3895.8,1512.39,503,910
ID00132,Alexia Brito,8824.64,2692.04,479,2768
ID00133,Stella da Rocha,6539.67,3170.06,731,2428
ID00134,Rebeca Viana,7906.81,502.51,934,3176
ID00135,Helena Lima,8013.48,3673.73,894,996
ID00136,Léo Câmara,5238.17,2057.26,194,313
ID00137,Enzo Lopes,7842.93,1743.4,775,1561
ID00138,Luiz Henrique Camargo,4609.16,1819.6,78,366
ID00139,Arthur Moura,9029.08,180.49,262,219
ID00140,Gabriela Campos,9453.35,3150.38,586,1770
ID00141,Maria Laura da Cunha,2373.59,921.36,906,4116
ID00142,Asafe Cunha,7015.17,1473.58,313,930
ID00143,Clara Caldeira,1542.34,687.76,433,689
ID00144,Raul Garcia,9363.97,1946.03,102,3402
ID00145,Sr. Cauã Peixoto,7760.81,2849.3,32,3660
ID00146,Clara Nunes,4367.75,910.72,509,2659
ID00147,Mariana Moreira,7253.17,284.83,73,995
ID00148,Luna Monteiro,3656.61,53.71,357,1458
ID00149,Gabriela Nogueira,198.65,96.77,839,2997
ID00150,Hellena Albuquerque,798.12,356.53,213,27
ID00151,Dr. Lorenzo Andrade,2127.43,716.69,961,1010
ID00152,Clara da Cunha,7504.97,1100.46,707,202
ID00153,Daniela Garcia,9334.6,1086.84,146,1532
ID00154,Laís Silva,4595.08,1095.22,725,2116
ID00155,Sra. Ana Luiza Barros,1388.56,671.03,371,2745
ID00156,Ana Cecília Azevedo,4786.37,700.32,960,4532
ID00157,Davi Lucca Aparecida,6395.57,588.54,83,841
ID00158,Anthony Gabriel Teixeira,5378.96,827.72,386,1204
ID00159,Luísa Castro,9462.22,3805.66,324,4165
ID00160,Raul Freitas,2504.1,945.12,299,3052
ID00161,Maria Helena Moura,4255.88,98.43,136,4926
ID00162,Ana Beatriz Oliveira,303.44,11.82,75,1082
ID00163,Valentim Teixeira,4260.29,1173.24,759,1166
ID00164,Ana Vitória Souza,5951.66,886.88,364,693
ID00165,Gabrielly da Rocha,2555.78,808.62,653,4336
ID00166,Maria Vitória Mendes,672.79,137.46,428,2627
ID00167,Isabel Almeida,4468.84,830.3,976,3858
ID00168,Agatha Sousa,1001.46,92.86,112,2269
ID00169,Kevin Montenegro,1210.37,366.47,158,3655
ID00170,Jade Farias,9289.86,861.08,432,3537
ID00171,Thales da Luz,1829.9,877.92,349,4288
ID00172,Nicolas Gomes,1511.42,349.47,653,709
ID00173,Ana Liz Castro,4884.55,497.34,2,3679
ID00174,Carolina da Costa,6225.48,24.21,306,938
ID00175,Lucas Gabriel Araújo,7709.48,2424.32,559,4991
ID00176,Rodrigo Leão,1646.59,581.49,483,759
ID00177,Samuel Pereira,6813.97,2589.61,238,4455
ID00178,Srta. Clarice Fogaça,7643.75,1070.46,23,990
ID00179,Ana Carolina Pimenta,2773.78,927.12,1,2102
ID00180,Maria Isis Marques,4044.44,1800.91,728,3246
ID00181,Carlos Eduardo Melo,4501.39,1680.26,363,2322
ID00182,Antônio Andrade,8725.85,2934.27,201,4878
ID00183,Caroline Pires,944.07,33.26,269,2504
ID00184,Sr. Yan Rezende,5383.02,318.1,881,2041
ID00185,Sr. Matheus Viana,8917.92,3397.73,70,3399
ID00186,Brenda Araújo,8623.32,1219.11,138,4703
ID00187,Nina Pimenta,5278.29,554.96,108,3366
ID00188,Maitê Rezende,9560.98,2598.55,760,2283
ID00189,Juan Viana,2993.32,556.46,644,1129
ID00190,Mathias da Rocha,1654.99,576.79,391,3287
ID00191,Dra. Camila Moreira,5951.52,415.22,685,2450
ID00192,Arthur Miguel Viana,3605.17,852.02,426,1786
ID00193,Melina Freitas,4819.48,1674.04,326,4037
ID00194,Rafael Fogaça,6555.34,197.39,308,1170
ID00195,Ana Vitória Aparecida,7477.58,195.93,637,1768
ID00196,Ryan da Cunha,352.91,83.2,910,83
ID00197,Vicente Rios,8477.63,4149.4,704,667
ID00198,Helena da Conceição,6894.34,2557.64,686,3237
ID00199,Theodoro Sampaio,163.59,3.37,636,31
ID00200,Mariah Montenegro,9996.88,4364.37,717,2397
ID00201,Danilo Casa Grande,7298.29,827.21,770,4693
ID00202,Mariana Barros,2950.45,155.58,472,2705
ID00203,Oliver Azevedo,3902.89,645.33,664,3566
ID00204,Oliver Vasconcelos,1565.39,730.44,152,4294
ID00205,Arthur Vieira,3229.11,337.23,192,3639
ID00206,Marina Rodrigues,3556.76,1749.01,438,4031
ID00207,Ana Monteiro,3956.41,435.52,201,3599
ID00208,Dr. Bruno Fogaça,9406.34,2758.55,51,3182
ID00209,Davi Fogaça,429.46,135.96,892,1530
ID00210,Srta. Manuella Ferreira,3699.74,1374.75,694,1421
ID00211,Anthony da Conceição,2407.34,358.12,89,4196
ID00212,Sr. Diego Costela,7539.77,2908.2,905,2893
ID00213,Gustavo Ribeiro,4173.18,112.55,714,4229
ID00214,Camila Souza,6689.73,2169.19,561,3528
ID00215,Juan Freitas,5851.51,1434.21,722,3897
ID00216,Srta. Isabel Casa Grande,2232.65,296.8,45,431
ID00217,Rafael Camargo,1712.29,3.32,671,59
ID00218,Manuella Santos,1490.03,586.09,697,1820
ID00219,Davi Lucca Alves,9709.69,1925.02,944,1811
ID00220,Luiz Miguel Farias,4591.67,779.44,105,4968
ID00221,Lavínia da Rocha,8840.04,3512.99,331,4391
ID00222,Lunna Cirino,4611.87,749.76,30,4277
ID00223,Anna Liz Caldeira,539.09,99.38,215,4297
ID00224,Lorena Castro,3522.9,1474.85,258,2469
ID00225,Clara Cardoso,3191.1,1372.16,261,3950
ID00226,Levi Moraes,3505.01,1248.63,46,2506
ID00227,Isaac Sá,9348.42,338.12,472,4058
ID00228,João Vitor Freitas,7273.59,172.63,829,3377
ID00229,Ana Clara Cardoso,9791.04,2254.44,121,702
ID00230,Alícia Gonçalves,906.62,44.76,784,1260
ID00231,Brayan Cardoso,4198.73,1929.81,452,632
ID00232,Letícia Novaes,8198.29,2291.47,908,3232
ID00233,Cecília Pastor,489.58,44.16,502,1803
ID00234,Letícia Porto,1368.05,595.85,957,2885
ID00235,Sr. Josué Macedo,3264.01,709.67,571,2339
ID00236,Maria Eduarda Porto,6139.81,2422.27,729,2431
ID00237,Ana Laura Garcia,7796.9,2003.94,474,4393
ID00238,Alexia Leão,6380.13,869.44,17,973
ID00239,Sra. Maysa Costela,6187.23,2202.37,177,3397
ID00240,Dr. Ravy Borges,2562.86,364.64,754,53
ID00241,Cauê da Mota,7445.02,1918.15,880,408
ID00242,Eduardo Vieira,1305.76,421.24,122,4626
ID00243,Sra. Maria Liz Cirino,3653.16,1232.73,721,4479
ID00244,Marina Cavalcanti,6640.02,735.57,852,1968
ID00245,Rafael Fernandes,741.39,114.0,336,1914
ID00246,Cecília Fogaça,3794.65,911.23,597,1404
ID00247,Aurora Mendes,1459.15,11.31,517,2687
ID00248,Juan Abreu,3733.17,1184.94,832,1064
ID00249,Sra. Nicole Abreu,8780.72,681.57,182,4182
ID00250,Kaique Camargo,9913.16,672.02,212,4070
ID00251,Liz Nogueira,5738.03,1995.97,219,1928
ID00252,Daniela Lima,7352.35,3000.4,779,3151
ID00253,Sra. Ayla Rocha,3599.28,1063.64,645,4084
ID00254,Isabel Nogueira,9018.02,487.04,854,214
ID00255,Lara Pires,5311.71,952.43,467,2529
ID00256,Dante da Mata,225.09,24.77,669,1336
ID00257,Ana Cecília Abreu,6642.41,1643.0,977,3940
ID00258,Miguel Moura,5505.69,1938.62,81,2124
ID00259,Maria Laura Macedo,1460.7,293.49,196,2593
ID00260,José Fogaça,7875.15,1512.39,61,1710
ID00261,Gael Henrique Peixoto,479.05,174.01,985,2045
ID00262,Arthur Miguel Barbosa,3497.34,771.5,744,1851
ID00263,Leandro Nascimento,2675.06,898.26,313,140
ID00264,Sr. Vinícius da Cruz,3627.94,978.66,750,1239
ID00265,Bernardo Leão,3598.85,883.71,63,202
ID00266,João Miguel Moreira,2490.52,15.49,969,2677
ID00267,Vicente Pires,758.8,23.68,996,3463
ID00268,Vitor Caldeira,1444.92,666.1,460,3566
ID00269,Ísis Guerra,1506.34,234.95,665,2694
ID00270,Sra. Lavínia Macedo,7307.84,2869.36,419,3135
ID00271,Sr. Emanuel Campos,195.37,87.03,547,4353
ID00272,Srta. Maria Helena Guerra,8065.55,3954.65,722,3791
ID00273,Nina Carvalho,7614.95,2150.19,126,3350
ID00274,Letícia Fogaça,9544.14,817.53,513,1133
ID00275,Olívia Souza,6256.26,2070.75,861,1214
ID00276,Helena Mendes,888.51,105.46,849,1445
ID00277,Sarah Dias,2543.26,27.94,826,1384
ID00278,Ana Liz Macedo,7453.84,3124.44,575,1379
ID00279,Diego Souza,7206.15,1539.15,886,4898
ID00280,Ana Júlia Pinto,1126.22,353.93,728,1230
ID00281,Apollo Fogaça,6187.88,123.91,349,3085
ID00282,Maria Júlia Albuquerque,369.95,172.47,38,4067
ID00283,Ana Lívia Rodrigues,987.23,144.5,155,3753
ID00284,Miguel Abreu,2437.84,433.7,754,3316
ID00285,Sr. Danilo Pinto,3442.69,1382.8,968,3217
ID00286,João Gabriel Porto,246.36,65.33,296,4510
ID00287,Sra. Heloísa Casa Grande,4742.28,82.82,545,4674
ID00288,Laura Correia,5565.74,2599.45,40,3735
ID00289,Pedro Henrique Marques,4011.15,240.7,355,4064
ID00290,Sra. Maria Isis Cavalcante,606.41,82.79,36,2081
ID00291,Dr. Pedro Henrique Casa Grande,6839.18,1990.21,795,2374
ID00292,Clara Moura,9949.91,3791.32,781,4336
ID00293,Sr. Gustavo Henrique Cirino,5210.98,1005.91,855,2054
ID00294,Marcela Vieira,2168.8,613.81,338,1988
ID00295,Mariane Mendonça,5902.84,2125.27,698,2895
ID00296,Hellena Vieira,1709.26,741.86,157,2709
ID00297,Pedro Lucas Costela,8477.54,3476.13,599,420
ID00298,Ana Julia Gomes,5692.21,2710.36,372,2386
ID00299,Igor Porto,6294.56,1016.58,802,3307
ID00300,Francisco Fonseca,6046.96,2985.6,2,1154
ID00301,Erick da Conceição,5729.17,1265.83,350,77
ID00302,Letícia Pimenta,9491.22,2279.85,970,2111
ID00303,Théo Sá,7498.09,703.53,563,3473
ID00304,Luiz Gustavo Jesus,2859.2,1186.77,543,1392
ID00305,Ana Júlia Pires,726.54,232.27,594,902
ID00306,Dra. Marina Pacheco,9422.37,2978.08,557,4957
ID00307,Rebeca da Cunha,3908.52,849.39,319,2335
ID00308,Sra. Helena Fernandes,234.99,91.47,840,2298
ID00309,Asafe Aparecida,9467.91,2546.25,568,2605
ID00310,Enrico Ferreira,9901.89,940.62,802,3537
ID00311,João Vitor Rezende,7935.99,3351.93,769,4189
ID00312,Davi Miguel Azevedo,1637.8,541.4,946,4615
ID00313,Hellena Pereira,3903.03,905.76,38,4601
ID00314,Hellena Marques,9133.05,2907.35,818,1871
ID00315,Lucca Pereira,9008.16,1631.48,964,1299
ID00316,Bryan Vieira,6834.55,2155.99,643,4072
ID00317,Dr. Vitor Gabriel Marques,289.5,106.43,586,1984
ID00318,Dr. Arthur Moreira,2817.28,1331.09,949,3441
ID00319,Gabriel Freitas,871.45,195.28,762,3684
ID00320,Gustavo Henrique Moura,8651.25,3871.26,830,823
ID00321,Sr. Guilherme da Cunha,9584.24,788.24,946,535
ID00322,Liz das Neves,9287.06,2947.48,963,2228
ID00323,Maria Isis da Cunha,2601.59,1147.02,793,2918
ID00324,Manuella Silva,6135.92,278.05,31,4035
ID00325,Augusto das Neves,208.6,26.13,781,3260
ID00326,Ana Sophia Albuquerque,3927.59,1522.82,641,3189
ID00327,Sabrina Silveira,7001.28,2879.45,597,3812
ID00328,Ana Julia Jesus,3610.37,1026.77,578,2281
ID00329,Natália Macedo,3348.35,40.68,486,4274
ID00330,Bryan Barros,1439.87,58.66,886,2847
ID00331,Carlos Eduardo Teixeira,3674.11,127.44,735,908
ID00332,Noah Cunha,6746.82,1589.22,323,208
ID00333,Ana Vitória Lima,3216.53,1455.91,784,2254
ID00334,Maria Júlia Aparecida,4123.53,293.04,152,3312
ID00335,Josué Mendonça,8679.43,2219.73,167,1028
ID00336,Davi Lucas da Mota,8939.01,4070.02,723,383
ID00337,Dr. Pedro Henrique Caldeira,7325.11,1903.09,844,4547
ID00338,Laura Pimenta,6942.77,2420.65,397,1477
ID00339,Gabriela Silva,3512.51,1028.96,85,662
ID00340,Pedro Miguel Moraes,5641.99,2294.31,207,2138
ID00341,Nicole Nascimento,3346.59,1185.82,802,2124
ID00342,Joana da Mata,5222.62,1192.01,932,1272
ID00343,Antony Campos,7591.06,1703.53,157,317
ID00344,Beatriz Cavalcanti,6362.19,562.95,525,277
ID00345,Sra. Isadora Cunha,8970.1,1417.64,970,587
ID00346,André Sousa,2009.58,794.81,626,1956
ID00347,Sophie Lima,8141.45,2125.99,727,2734
ID00348,Davi Gomes,9135.42,616.08,791,4555
ID00349,Júlia Campos,665.93,27.44,531,2813
ID00350,Dra. Maria Alice da Conceição,124.36,48.18,107,3504
ID00351,Ísis Ribeiro,6114.65,1743.51,344,3098
ID00352,Henry Sousa,5172.75,2553.39,883,974
ID00353,Benício Moreira,1447.47,669.83,187,1025
ID00354,Luan da Conceição,290.09,128.5,198,362
ID00355,Dr. João Pedro Pacheco,4196.98,130.19,319,3191
ID00356,Davi Miguel Albuquerque,9125.55,2739.71,814,1378
ID00357,Sofia Duarte,3643.05,1521.32,80,3345
ID00358,Sr. Davi Lucca Gonçalves,634.66,112.65,924,2096
ID00359,Felipe Moraes,6755.95,1900.91,824,3717
ID00360,Davi Luiz Teixeira,4181.04,64.16,822,2164
ID00361,Theo Nunes,1985.88,384.92,367,789
ID00362,Srta. Isabela Siqueira,1321.32,231.75,182,3308
ID00363,Igor Teixeira,6198.54,2025.17,14,2645
ID00364,Maria Pereira,4619.11,1279.62,893,4064
ID00365,Caroline Pires,4817.67,2066.72,549,3293
ID00366,Bianca Pimenta,7928.22,3402.98,269,228
ID00367,Vinicius Peixoto,6515.17,311.81,847,657
ID00368,Dr. Rafael das Neves,3402.77,1625.07,483,271
ID00369,Henry Novais,1627.29,420.33,825,2352
ID00370,Elisa Ribeiro,9602.32,3.49,346,1286
ID00371,Rafaela Nogueira,9449.7,3288.39,165,1431
ID00372,Sr. José Pedro Carvalho,7815.32,621.22,697,1988
ID00373,Maria Liz Santos,9437.22,4407.84,337,196
ID00374,Liam Viana,4880.88,2166.87,695,3262
ID00375,Matheus Araújo,537.27,64.55,289,2692
ID00376,Arthur Miguel Dias,1783.17,212.36,232,1341
ID00377,Dra. Isadora Fernandes,8795.6,2035.74,898,4632
ID00378,Heloisa da Luz,1466.18,414.14,14,1329
ID00379,Sr. Leandro Almeida,9309.98,26.24,400,1409
ID00380,Sr. Dom Fogaça,9998.83,97.54,844,2649
ID00381,Samuel Pires,5149.87,98.32,796,917
ID00382,Apollo da Costa,5772.71,426.3,157,3112
ID00383,Anthony Gabriel Câmara,7898.26,1653.65,582,2728
ID00384,Lunna Azevedo,7140.93,3293.89,373,4180
ID00385,Luiz Felipe Ribeiro,2244.96,449.43,133,3341
ID00386,Catarina Cunha,5704.48,999.97,99,3536
ID00387,Maya Casa Grande,8967.47,1101.41,391,1844
ID00388,Dr. Felipe Rezende,9171.74,1100.86,493,3253
ID00389,Dr. Mateus Albuquerque,9212.14,317.9,259,2260
ID00390,Julia Nascimento,8861.89,1647.41,23,4949
ID00391,Nicole Teixeira,6154.89,1460.4,243,2264
ID00392,Davi Jesus,499.01,80.23,818,3202
ID00393,Eloá Abreu,9644.78,514.36,899,400
ID00394,Cecilia Pinto,1527.65,299.75,787,3450
ID00395,Sophie Siqueira,7336.92,3582.21,444,859
ID00396,Srta. Anna Liz Farias,7160.63,2163.17,166,1390
ID00397,Felipe da Cruz,3470.91,713.44,605,2325
ID00398,Enzo Gabriel Souza,7642.13,429.93,378,2830
ID00399,Eloá Silva,1512.66,270.48,485,4250
ID00400,Paulo Peixoto,7558.96,739.62,981,2111
ID00401,Raul Santos,1851.29,540.28,304,3114
ID00402,Asafe da Cunha,6380.79,928.76,442,286
ID00403,Dr. Apollo Pires,6854.0,922.1,746,1706
ID00404,Theo Borges,3534.09,233.53,628,2925
ID00405,Dr. Dom Marques,1741.0,374.82,408,3798
ID00406,Thiago Fogaça,854.07,303.52,698,638
ID00407,Nathan Fernandes,7800.17,2125.21,568,1133
ID00408,Thales Gonçalves,1775.41,184.17,234,244
ID00409,Leonardo Moura,5300.5,2170.51,366,2360
ID00410,Yan Melo,7192.83,1205.42,122,3350
ID00411,Vitor Oliveira,7756.86,1015.25,163,2806
ID00412,Julia Rodrigues,6316.96,3059.09,546,1185
ID00413,Rafael Gonçalves,9130.46,4494.67,762,4551
ID00414,Srta. Maria Luiza Ferreira,3121.9,1374.41,388,2839
ID00415,Ana Júlia Almeida,3963.62,933.97,314,3360
ID00416,Arthur Gabriel da Cunha,9958.97,4048.03,700,1262
ID00417,Lavínia Rodrigues,1561.7,455.62,650,4237
ID00418,Vinícius Moreira,1157.46,450.99,715,1679
ID00419,Dr. José Costela,5998.28,1808.88,526,911
ID00420,Lucas da Cruz,2740.12,1002.77,173,3080
ID00421,Yasmin Rodrigues,945.23,17.02,119,2967
ID00422,Sr. Eduardo Farias,8191.9,1968.94,111,3708
ID00423,Srta. Ana Júlia Nunes,3754.04,1307.68,683,3986
ID00424,Luiz Felipe Fonseca,8139.67,930.84,163,4601
ID00425,Juan Duarte,5561.15,2487.72,800,4162
ID00426,Maria Luiza Peixoto,9216.06,774.16,848,1367
ID00427,Eloá Abreu,8798.72,2275.08,623,1705
ID00428,Augusto Macedo,4438.04,1517.08,271,174
ID00429,Luigi Albuquerque,5915.64,2720.19,176,3613
ID00430,Sra. Jade Souza,5692.93,2608.09,952,712
ID00431,Esther Azevedo,6476.17,1312.03,239,4152
ID00432,Mariana da Mota,8746.82,171.03,635,834
ID00433,Vinícius Cavalcante,2760.05,700.36,565,3229
ID00434,Emanuel Pacheco,4779.52,432.59,554,2985
ID00435,Thiago Pires,1679.44,715.59,852,1177
ID00436,Maria Isis Sá,4623.52,2224.88,490,3222
ID00437,Juliana das Neves,5704.59,1169.39,95,2176
ID00438,Anthony Gabriel Lima,4874.69,1985.15,304,1156
ID00439,Sra. Joana Nascimento,3658.68,172.23,675,465
ID00440,Luiza Fernandes,8247.68,564.18,573,1627
ID00441,Pedro Vieira,169.85,73.21,572,4930
ID00442,André Sá,4954.42,1710.32,954,3875
ID00443,Daniela Viana,5639.5,2466.45,352,799
ID00444,Maria Isis Fonseca,6888.82,832.48,510,2552
ID00445,Ana Carolina Novais,2817.12,12.64,364,4170
ID00446,Heloísa Almeida,9272.52,424.99,313,4700
ID00447,Sr. Gael Pires,4280.7,1581.65,987,3123
ID00448,Dr. Antony Siqueira,8621.24,627.1,295,1633
ID00449,Srta. Isabella da Mota,7449.64,1792.08,902,2943
ID00450,Otto Barbosa,2900.7,888.22,852,979
ID00451,Melissa da Costa,4071.81,1018.47,483,1874
ID00452,Dra. Milena Moraes,6596.2,1233.29,938,2939
ID00453,Srta. Esther Cavalcante,4376.03,785.97,411,2320
ID00454,Ana Luiza Lima,8678.49,2081.66,299,989
ID00455,Maria Laura da Mata,4515.27,776.66,250,1532
ID00456,Pedro Henrique Sá,9303.55,1572.74,235,901
ID00457,Dr. Caleb das Neves,6842.94,3337.0,476,4207
ID00458,Thales Albuquerque,4671.58,2185.74,580,1808
ID00459,Guilherme Teixeira,6788.73,1704.73,499,1906
ID00460,Maria Isis Lopes,3213.79,1098.99,95,3865
ID00461,Maria Julia Sampaio,3239.74,1443.27,233,3534
ID00462,Ravi Lucca Fogaça,9843.28,2831.83,42,3331
ID00463,Carolina Nunes,1025.43,102.7,335,1463
ID00464,Sra. Lunna Alves,1219.77,486.21,373,232
ID00465,Olívia Moreira,2413.96,52.74,392,4380
ID00466,Asafe Barros,144.62,8.42,620,4964
ID00467,Manuella Fonseca,9355.96,932.63,759,3819
ID00468,Bernardo Correia,2057.28,1.54,919,3402
ID00469,Srta. Ágatha Melo,761.11,67.41,240,1860
ID00470,Levi Alves,9290.38,1774.13,827,4
ID00471,Dr. Davi Lucas Teixeira,4414.55,841.51,784,338
ID00472,Kamilly Jesus,6196.03,834.35,597,2844
ID00473,Cecília Peixoto,7068.14,2922.95,694,3719
ID00474,Nathan das Neves,6443.4,1919.82,95,2063
ID00475,Ana Liz Castro,9457.37,3380.26,280,198
ID00476,Davi Luiz Mendes,6954.27,2158.67,675,1114
ID00477,Dra. Ana Clara Siqueira,3851.2,1103.71,676,2618
ID00478,Ana Clara Novais,2096.4,532.5,124,4585
ID00479,Dra. Maria Julia Cirino,1144.75,521.47,128,4170
ID00480,Sr. Bruno Novais,8943.34,2100.79,466,4488
ID00481,João Costa,3464.17,720.92,387,644
ID00482,Luan Sampaio,5693.33,955.32,842,1914
ID00483,Sra. Joana Moreira,4592.64,806.12,794,3362
ID00484,Daniela Sá,336.77,121.81,7,4526
ID00485,Daniela Andrade,4108.12,1569.73,457,1835
ID00486,Emanuelly Ramos,4351.94,550.99,487,1156
ID00487,Ana Beatriz Sá,2359.77,334.52,669,3983
ID00488,Sr. Gael Ramos,6034.53,2804.69,993,4280
ID00489,Isabella Marques,6876.54,645.04,956,4242
ID00490,Eduarda Santos,6345.94,389.5,61,1271
ID00491,Sr. Renan Vargas,3493.83,584.24,637,1314
ID00492,Ana Laura Nogueira,7680.91,1799.64,695,1538
ID00493,Valentim Fernandes,4173.55,400.77,401,387
ID00494,Bruno Caldeira,7891.76,3164.03,985,2777
ID00495,Maria Nunes,8887.9,3031.15,534,1538
ID00496,Lívia Garcia,7266.88,665.66,946,4447
ID00497,Maria Cecília Porto,7154.51,2126.63,445,1247
ID00498,Davi Luiz Dias,6372.06,1967.94,921,4676
ID00499,Fernando Siqueira,9295.18,2779.56,34,1991
ID00500,Antony Fernandes,4928.8,1488.42,326,4554
ID00501,Evelyn Aparecida,7337.89,1.89,64,1100
ID00502,Ana Liz Sampaio,2504.21,1094.54,625,1835
ID00503,Mathias Aragão,6642.23,362.18,989,4225
ID00504,Eloá Fogaça,4312.72,1392.42,294,2771
ID00505,Nicolas Aragão,4984.95,478.92,382,4566
ID00506,Maria Pereira,8448.06,3030.77,401,3596
ID00507,Jade Rocha,9901.24,1571.96,480,552
ID00508,Rafael Jesus,1551.19,584.92,770,1277
ID00509,Arthur Marques,9543.07,1880.25,476,4429
ID00510,Gabriel Gomes,2179.2,400.84,48,175
ID00511,Luiz Henrique Brito,4120.77,180.42,423,4797
ID00512,Apollo Ferreira,5739.16,2269.04,554,1725
ID00513,Felipe Guerra,6370.45,3060.01,685,1118
ID00514,Alice Duarte,5355.31,2427.1,317,3115
ID00515,Sabrina Melo,5484.76,181.12,620,4037
ID00516,Benjamim Nascimento,7547.64,769.7,632,2950
ID00517,Julia Alves,3189.63,1188.17,786,1959
ID00518,Stella Brito,6177.26,2673.39,603,4200
ID00519,Lucas Gabriel Fogaça,3738.37,870.58,113,4863
ID00520,Ravy Andrade,4526.81,1987.34,225,3136
ID00521,Valentim Pires,3902.21,988.85,348,1871
ID00522,Arthur Miguel Abreu,8259.01,1089.7,92,361
ID00523,Maitê Castro,1632.37,511.7,578,3974
ID00524,Clara Castro,726.65,360.8,491,3562
ID00525,Emanuel Porto,3262.43,1189.42,25,956
ID00526,Isabelly Pinto,4399.07,1461.4,986,1095
ID00527,Sr. Rodrigo Pires,7640.21,3381.4,122,3521
ID00528,Maria Laura Aparecida,2554.01,803.65,271,3149
ID00529,Isaque Porto,1242.75,181.21,631,1553
ID00530,Lucas Cavalcante,7476.04,2024.95,62,2776
ID00531,Luiz Gustavo Câmara,5202.38,36.3,930,4059
ID00532,Otto Martins,8213.07,2616.5,265,2717
ID00533,Sr. Matheus Nunes,1462.91,728.36,102,4598
ID00534,Enrico Pacheco,4234.77,1674.12,70,2061
ID00535,Mathias Silva,5747.99,1496.49,882,4803
ID00536,Dom Almeida,1369.79,23.74,861,1831
ID00537,Lorenzo Moraes,3538.48,986.86,725,1778
ID00538,Arthur Miguel Aragão,9956.0,3453.16,985,1886
ID00539,Diogo Vasconcelos,4050.42,1232.91,764,3597
ID00540,Mateus Viana,3549.32,477.69,997,2856
ID00541,Otto Lopes,9741.01,2665.52,206,1771
ID00542,Lívia Silva,4710.73,738.96,132,2268
ID00543,Davi Miguel Fonseca,5654.87,2194.61,1,683
ID00544,Helena Nascimento,6636.84,1088.71,894,2649
ID00545,Ana Sophia Cardoso,447.58,136.9,300,940
ID00546,Marcela Brito,1748.18,240.64,207,4201
ID00547,Maya da Cruz,5591.26,2418.41,92,3397
ID00548,Maria Helena Câmara,5077.02,2110.73,126,659
ID00549,Isabella Ramos,5976.35,1383.4,332,1427
ID00550,Maria Laura Pacheco,3036.01,953.8,690,2349
ID00551,José da Mota,410.31,171.41,654,2207
ID00552,Maria Fernanda Nogueira,854.12,416.74,321,2597
ID00553,Renan da Costa,9779.31,3195.35,295,397
ID00554,Asafe Pimenta,7854.45,977.14,910,4233
ID00555,Dr. Cauê Nascimento,1486.18,443.74,805,3184
ID00556,Diego Silva,4244.1,1235.94,260,2563
ID00557,Amanda Vargas,9114.22,2428.0,911,3677
ID00558,Maria Júlia Lopes,7111.84,1506.48,174,4266
ID00559,Raul Pereira,607.71,214.58,489,3144
ID00560,Elisa Cavalcante,403.01,16.34,101,1497
ID00561,Dr. Noah Castro,9051.02,4345.84,16,2967
ID00562,Larissa Teixeira,5302.29,330.23,253,4095
ID00563,Brenda Freitas,2888.74,583.84,483,479
ID00564,Sr. Luiz Henrique Vargas,1725.9,765.37,537,2928
ID00565,Stella Sá,2104.39,159.04,819,2465
ID00566,Gael Henrique da Cunha,7909.81,736.72,257,4458
ID00567,Luan da Rocha,369.79,43.01,841,3420
ID00568,Ana Cecília da Rocha,9259.95,3265.2,161,1994
ID00569,Marina Andrade,7606.76,489.95,854,4763
ID00570,Maria Sophia da Mata,6843.96,2549.33,537,2453
ID00571,Giovanna Ferreira,8006.17,3424.61,726,173
ID00572,Davi Lucca Camargo,7247.23,2862.59,868,1637
ID00573,Maria Alice Cavalcante,717.43,60.2,518,3178
ID00574,Pedro Oliveira,2203.65,587.51,506,845
ID00575,Nicole Barbosa,1355.04,58.24,12,670
ID00576,Ana Vitória Vasconcelos,204.42,76.34,249,3243
ID00577,Ísis Silveira,4558.79,628.63,423,2829
ID00578,Cecilia Cavalcante,6652.19,858.98,79,1293
ID00579,Gustavo Henrique Cavalcante,5901.71,2185.9,879,372
ID00580,Arthur Moura,7639.9,204.98,829,550
ID00581,Thales Fogaça,6961.91,866.72,728,1102
ID00582,Laura Silva,6038.24,2657.24,297,111
ID00583,Sr. Nicolas Vargas,6023.82,1057.78,367,3007
ID00584,Emanuel Fernandes,8313.96,1236.09,658,2077
ID00585,Sarah Farias,1422.81,341.08,752,1636
ID00586,Clara Garcia,6124.79,1039.31,309,3608
ID00587,Dra. Lorena da Costa,1479.29,605.56,961,2719
ID00588,Manuella Gomes,3555.11,1133.83,390,3243
ID00589,Sophia das Neves,5829.64,2027.37,514,2441
ID00590,Maria Luísa Brito,6778.36,2566.1,864,1928
ID00591,Daniela Casa Grande,1969.22,213.05,527,1372
ID00592,Valentim Caldeira,5145.6,2078.12,530,4356
ID00593,Dra. Gabrielly Peixoto,7798.27,1974.19,847,3899
ID00594,Sophie Camargo,9178.98,1188.56,309,3738
ID00595,Enzo Gabriel Garcia,9072.94,2389.47,809,1592
ID00596,Arthur Miguel Albuquerque,9685.5,2221.94,71,150
ID00597,Luiz Miguel Silveira,2092.44,107.98,263,9
ID00598,Luiza Caldeira,8272.06,895.79,918,1516
ID00599,Milena Freitas,6219.72,2821.31,678,2953
ID00600,Isis Rios,6133.04,820.83,691,136
ID00601,Heloísa Castro,304.44,139.51,172,2543
ID00602,Ana Vitória Vasconcelos,9626.89,1136.63,843,4095
ID00603,Eloá Alves,7409.56,3179.59,90,4769
ID00604,Eloah Moreira,4376.17,252.38,26,1411
ID00605,Giovanna Macedo,241.31,64.15,362,1709
ID00606,Dra. Maria Luiza da Luz,8718.99,1673.84,327,1512
ID00607,Davi Luiz Gomes,7976.68,1979.44,155,4845
ID00608,Pedro Lucas Nunes,5105.77,1498.04,964,1858
ID00609,Marcos Vinicius Borges,9068.75,245.57,919,4952
ID00610,Maria Luiza Farias,410.37,132.89,954,1111
ID00611,Thiago Marques,5074.39,1063.9,340,1549
ID00612,Rhavi Pinto,7172.85,1216.25,142,2590
ID00613,João Felipe Montenegro,9792.11,3216.82,281,3982
ID00614,Maria Júlia Melo,9773.13,2975.77,339,2209
ID00615,Fernando da Conceição,8968.55,349.33,824,1308
ID00616,Maria Clara Castro,8990.62,2303.53,573,3315
ID00617,Diego Marques,6119.28,1288.96,163,4977
ID00618,Bernardo Mendes,9245.14,3542.21,703,921
ID00619,Maria Luísa Novais,5886.81,328.01,191,3951
ID00620,João Mendes,3012.64,1098.06,702,3488
ID00621,Daniel da Rocha,2696.05,1058.37,651,2914
ID00622,Luiz Miguel Brito,5139.88,1377.53,77,67
ID00623,Benjamin Rios,504.89,3.74,795,1135
ID00624,Gael Henrique Abreu,8894.71,1814.97,803,3944
ID00625,Nathan Novais,8870.65,1389.54,840,1151
ID00626,Dra. Rebeca Silva,942.27,184.7,594,1845
ID00627,Srta. Olívia Novais,582.2,120.06,942,227
ID00628,Dr. Calebe Rodrigues,566.96,221.69,136,4590
ID00629,Isaque da Conceição,7338.31,1090.47,415,4476
ID00630,Luana da Mota,642.31,268.75,900,4444
ID00631,Anthony Monteiro,1539.51,724.67,131,1699
ID00632,Dr. Caleb Barbosa,5926.67,498.89,92,4724
ID00633,Otávio Câmara,4749.07,636.07,217,3303
ID00634,Sra. Maria Helena Teixeira,6877.99,2974.43,883,423
ID00635,Igor da Paz,5282.35,2055.28,898,85
ID00636,Rodrigo Ribeiro,6430.84,496.8,145,4156
ID00637,Dr. Matheus Pimenta,1432.37,712.69,977,2722
ID00638,Dante Guerra,163.61,67.12,858,1191
ID00639,Dr. Ian Rezende,3369.62,1265.4,89,3056
ID00640,Sra. Maria Alice Lopes,2150.35,484.97,699,3975
ID00641,Luiz Henrique Guerra,4758.16,1252.46,83,2585
ID00642,Sra. Bella Mendes,4443.69,1725.36,556,3933
ID00643,Dante Machado,5557.7,1441.25,929,1797
ID00644,Luiz Felipe da Cruz,1522.86,304.28,896,4190
ID00645,Srta. Maitê Monteiro,3202.57,1408.02,147,1278
ID00646,Daniel Rodrigues,441.02,142.13,119,558
ID00647,Maria Julia Martins,5291.16,1495.52,361,3908
ID00648,Nicole Nunes,4081.04,1662.85,762,3824
ID00649,Hellena Rocha,5172.87,600.82,515,308
ID00650,Sarah das Neves,7279.51,2845.02,375,2804
ID00651,Isabel Dias,7945.74,27.39,589,631
ID00652,Agatha Borges,4805.41,884.17,785,1998
ID00653,Luiza Gonçalves,5502.91,1427.13,115,330
ID00654,Pedro Aragão,5742.06,114.12,375,1474
ID00655,Ana Cecília Jesus,3475.02,844.51,775,3434
ID00656,João Costa,112.91,36.58,242,3911
ID00657,Sra. Emanuelly Camargo,7454.18,3306.45,700,1317
ID00658,Luiz Otávio Alves,9227.97,3512.19,492,4309
ID00659,Augusto Albuquerque,6619.14,3072.03,854,3157
ID00660,Yasmin Abreu,6983.9,2391.81,595,3963
ID00661,Danilo Pereira,2208.99,30.15,466,4914
ID00662,Gabriela Barros,8276.31,2776.2,627,3619
ID00663,Sra. Fernanda Abreu,3220.96,527.85,441,4653
ID00664,Maria Vitória Azevedo,7717.55,3338.11,148,4198
ID00665,Emanuelly da Conceição,4352.38,516.25,391,2419
ID00666,Oliver Garcia,2482.12,316.37,248,4395
ID00667,Agatha Lopes,5912.83,2742.87,381,3732
ID00668,Mateus Teixeira,2457.85,415.04,649,1200
ID00669,João Felipe Alves,3288.34,236.64,779,2103
ID00670,Manuella Santos,5548.88,1488.55,728,4887
ID00671,Dr. Rafael Ramos,1235.93,569.71,492,1678
ID00672,Valentim Borges,6949.11,2085.86,620,2041
ID00673,Cauã Silva,7128.13,316.47,509,1723
ID00674,João Gabriel Alves,3008.05,411.25,207,2900
ID00675,Srta. Catarina Garcia,8456.09,1333.21,22,355
ID00676,Liam Costa,2001.69,197.17,852,1340
ID00677,Sophia Montenegro,8484.33,1944.33,257,4109
ID00678,Cauê Sales,2948.88,717.23,834,2574
ID00679,Camila Moraes,8500.12,3156.66,717,3157
ID00680,Olivia Cavalcanti,639.08,292.28,914,482
ID00681,Maitê Cardoso,3412.98,272.55,273,4578
ID00682,Jade Garcia,4437.42,1215.76,425,3947
ID00683,Thiago Farias,3812.26,1803.29,92,657
ID00684,Rafael da Cruz,9955.51,3934.31,94,4147
ID00685,Dr. Noah Alves,9900.41,4230.01,597,4204
ID00686,Alana Novaes,3376.22,1237.26,611,785
ID00687,Melissa Câmara,9021.18,1059.65,43,783
ID00688,Isabella da Cunha,8253.5,3013.0,94,4818
ID00689,Olívia Casa Grande,8716.07,3093.26,791,4717
ID00690,Pedro Lucas da Paz,9428.71,4347.97,544,1621
ID00691,Dr. Dom Moreira,2849.46,226.17,189,4837
ID00692,Aurora Correia,9516.67,651.44,897,1871
ID00693,Valentim Pires,2653.0,1045.92,149,2223
ID00694,Camila Araújo,2123.92,144.8,864,3334
ID00695,Luigi Andrade,9743.24,886.62,892,4824
ID00696,Sr. Ravi Lucca Gomes,270.24,72.67,492,1034
ID00697,Esther Jesus,7578.07,2808.8,84,2288
ID00698,Evelyn Cavalcante,7938.65,2923.36,5,1175
ID00699,Ana Julia Viana,8256.73,3056.37,692,28
ID00700,Sr. Luan Cirino,4240.15,308.42,552,337
ID00701,Ágatha Silva,5082.88,2413.3,686,1429
ID00702,Maya Cassiano,4620.59,1534.41,454,1896
ID00703,Sabrina Ribeiro,9412.15,2999.36,282,1547
ID00704,Hadassa Peixoto,1093.79,268.06,362,4413
ID00705,Ana Beatriz da Cruz,5927.46,837.92,293,4526
ID00706,Luiza Novais,3985.41,349.12,117,4834
ID00707,Srta. Agatha Aparecida,9093.93,432.9,873,1135
ID00708,Davi Luiz da Cruz,7185.49,3297.86,472,1182
ID00709,Heloisa Ribeiro,4283.29,1919.24,550,1599
ID00710,Bianca Sá,7637.54,678.37,71,2172
ID00711,Mariana Ramos,4460.89,729.47,525,420
ID00712,Laura Rodrigues,3508.8,1513.32,754,3146
ID00713,Dr. Gael Castro,5540.82,2139.39,730,4433
ID00714,Dr. Pedro Lucas Gonçalves,5735.4,1881.39,313,3635
ID00715,Luiza Martins,5210.85,1499.31,426,1722
ID00716,Diogo Câmara,4740.25,927.73,90,800
ID00717,Eduardo Gonçalves,5399.52,328.3,690,3823
ID00718,Ágatha Costela,7519.24,631.35,207,1909
ID00719,Sr. Antônio Guerra,2483.04,743.06,417,571
ID00720,Caio Jesus,8886.55,2434.77,539,1628
ID00721,Maria Sophia Nogueira,2263.09,102.81,947,817
ID00722,André Rios,5180.72,1564.05,564,4726
ID00723,Vinícius Ramos,5245.97,1628.92,616,3236
ID00724,Luana Garcia,8660.79,3953.45,689,3862
ID00725,Zoe Azevedo,6436.49,1940.16,30,2874
ID00726,Thales Sá,3519.21,1352.89,211,284
ID00727,Gustavo Leão,9749.73,2147.58,531,1738
ID00728,Maria Cecília das Neves,8274.17,593.05,465,3866
ID00729,Antônio Vargas,1004.95,138.72,665,2376
ID00730,Arthur Pastor,3982.61,1469.61,960,2437
ID00731,Maria Eduarda Cassiano,8785.12,389.54,128,4067
ID00732,Joana Camargo,3768.63,1170.84,91,1885
ID00733,Melissa da Mota,8626.01,1765.56,901,1967
ID00734,Mateus Gomes,8583.03,2081.04,148,4237
ID00735,Dra. Maitê da Conceição,8461.39,1566.03,694,1193
ID00736,Julia Borges,1245.98,200.27,700,620
ID00737,Eduardo Dias,3658.99,1483.98,197,1641
ID00738,Raquel Azevedo,9947.55,2593.52,435,3104
ID00739,Pietra Lopes,4008.14,286.03,79,2358
ID00740,Dr. Apollo Camargo,6331.55,490.89,193,4935
ID00741,Catarina Teixeira,4943.86,384.0,153,4691
ID00742,Arthur Campos,4350.98,1612.17,120,1293
ID00743,Sra. Isadora Andrade,1479.03,677.45,550,3472
ID00744,Júlia da Luz,9375.39,3933.13,307,3852
ID00745,Bruna Ferreira,5771.69,1969.47,663,808
ID00746,Marcelo Pimenta,1099.9,135.09,44,247
ID00747,Esther Souza,8622.2,2947.01,604,707
ID00748,Ágatha Araújo,4709.96,612.4,600,2105
ID00749,Sr. Enrico Monteiro,7056.88,2798.05,167,1947
ID00750,José Pedro Farias,6290.51,2135.08,596,4242
ID00751,Luiz Felipe Brito,1682.6,417.85,956,1993
ID00752,Maria Vitória Vieira,230.26,16.53,616,1182
ID00753,José Oliveira,8655.27,4204.2,869,4850
ID00754,Vicente Barbosa,6244.08,212.03,287,783
ID00755,Carolina Mendonça,2768.36,647.57,799,2114
ID00756,Vicente Viana,5825.35,2889.25,726,613
ID00757,Luiz Felipe Brito,1499.45,734.08,61,2843
ID00758,Helena Cavalcanti,3395.29,1081.83,400,182
ID00759,Dra. Heloísa Guerra,9839.89,3212.26,218,731
ID00760,Pedro Lucas Ferreira,5966.28,429.56,894,4284
ID00761,João Felipe Silveira,2208.69,353.04,896,88
ID00762,Sr. Henrique Martins,7675.64,1615.07,532,4487
ID00763,Sr. João Guilherme Novais,9793.77,3480.74,733,4666
ID00764,Agatha Barros,6592.24,3257.35,947,1642
ID00765,Lunna das Neves,3052.57,679.44,651,2210
ID00766,Sra. Ana Beatriz Barros,2445.31,791.4,925,2510
ID00767,Alice da Rocha,938.38,68.01,27,3165
ID00768,Enzo Silva,9663.76,2161.3,647,2338
ID00769,Guilherme Moraes,5152.88,1988.92,480,4661
ID00770,Manuella Machado,7461.57,726.22,858,62
ID00771,Oliver Montenegro,2741.2,1150.99,725,2107
ID00772,Maria Luísa Campos,2058.61,906.01,272,4223
ID00773,Ravi Duarte,4101.17,1248.14,275,1409
ID00774,Juan da Costa,6970.44,724.05,268,896
ID00775,Maya Rocha,6609.75,1441.18,331,1578
ID00776,Sra. Ana Beatriz Almeida,3371.19,1313.69,131,1016
ID00777,João Felipe Barbosa,2574.64,979.88,935,3870
ID00778,Luara Dias,4469.93,1535.91,363,3504
ID00779,Laura Aragão,8505.82,1744.26,599,865
ID00780,Srta. Stella Carvalho,9865.9,2750.8,464,1074
ID00781,Benjamin Viana,1051.0,499.03,538,3165
ID00782,Mariah da Mota,6580.36,781.23,653,792
ID00783,Heloisa da Cunha,4276.38,1443.95,304,4922
ID00784,Dr. Pietro Santos,1787.14,248.91,128,4571
ID00785,Otávio Freitas,6720.98,1133.75,993,1184
ID00786,Vicente Aragão,115.06,19.52,346,3706
ID00787,Rhavi Gomes,8484.15,1029.81,903,4682
ID00788,Isaque Barros,4666.12,1273.52,961,3685
ID00789,Carlos Eduardo Cirino,4063.2,209.77,110,2701
ID00790,Pedro Lucas Albuquerque,7274.7,1136.56,118,4105
ID00791,Dr. Davi Moura,7803.99,3468.17,105,4463
ID00792,Theo da Paz,6203.49,2296.81,252,912
ID00793,Nathan Lopes,6871.72,1527.48,170,3812
ID00794,Ana Laura Cavalcante,2652.54,1100.1,172,3604
ID00795,Dra. Maria Alice Costa,7075.87,2019.96,575,3101
ID00796,Dom Câmara,261.68,16.05,318,679
ID00797,Diogo Cirino,6340.26,1209.2,263,3145
ID00798,Isis Nogueira,2372.32,765.23,517,4586
ID00799,Fernando da Conceição,8385.71,782.27,656,69
ID00800,Sra. Eduarda da Cruz,5931.25,2878.09,617,1915
ID00801,Carolina Pacheco,2904.58,745.19,485,3831
ID00802,Eloá Souza,8817.82,3164.85,260,2823
ID00803,Vinicius Vasconcelos,2800.87,229.4,901,1821
ID00804,Antônio Silveira,9010.82,1457.79,24,3050
ID00805,Gabriela Araújo,4795.25,1890.24,720,2346
ID00806,Eloah Garcia,6788.48,71.33,105,3763
ID00807,Maria Julia Cunha,7319.24,2995.59,187,1620
ID00808,Yasmin Moura,8182.16,3891.76,617,2718
ID00809,Bella Cardoso,5562.03,91.56,424,3826
ID00810,Vitor Albuquerque,7941.44,3482.8,377,98
ID00811,Anthony Souza,2054.24,209.56,503,1078
ID00812,Miguel Machado,6630.96,2384.13,711,4538
ID00813,Kamilly Jesus,4108.98,573.08,81,3507
ID00814,Dr. José Pedro Silveira,325.93,77.76,762,2808
ID00815,Emanuel Pastor,7418.49,10.66,632,2418
ID00816,Gustavo Henrique Aparecida,8334.64,3612.86,789,3432
ID00817,Thomas Azevedo,4543.88,1167.39,291,526
ID00818,Sra. Isadora Machado,9826.16,422.89,389,3380
ID00819,Dra. Catarina Peixoto,3871.57,1248.56,780,1903
ID00820,Sophia da Rocha,2903.51,1410.72,568,6
ID00821,Diogo Ferreira,6316.25,2006.07,690,3975
ID00822,Maria Alice Fonseca,1624.68,547.99,442,3235
ID00823,Theodoro Ramos,7170.09,3491.8,786,4803
ID00824,Sra. Catarina Almeida,7245.61,1094.0,561,3029
ID00825,Gabriela Pereira,3110.14,1271.88,600,1393
ID00826,Maitê Melo,3531.93,749.59,982,3612
ID00827,Pedro Lucas Carvalho,3172.59,1081.4,340,1893
ID00828,Laís Sampaio,3829.66,1196.58,160,1500
ID00829,Dr. Mateus Gonçalves,8235.69,2047.03,71,816
ID00830,Maria Liz Sampaio,1853.98,559.85,235,1467
ID00831,Letícia Rocha,198.12,51.53,934,3583
ID00832,Isabela Correia,6784.25,608.94,407,3608
ID00833,Helena da Luz,3183.98,845.87,164,3923
ID00834,Eloah Moraes,1662.7,745.03,677,957
ID00835,Valentim Sá,4788.64,1755.07,752,2501
ID00836,Sofia Ramos,3087.89,49.88,840,2189
ID00837,Manuela da Luz,3385.01,780.76,62,2407
ID00838,Liz Marques,2275.58,1061.79,649,2535
ID00839,Valentina Aragão,5527.16,568.89,898,558
ID00840,Srta. Jade Marques,4297.1,91.66,948,750
ID00841,Srta. Allana Costa,3751.59,552.59,60,10
ID00842,Bella da Cunha,427.65,9.22,896,4866
ID00843,Henrique Cirino,8692.01,2041.46,84,4797
ID00844,Emanuella Ribeiro,1478.6,700.5,575,1106
ID00845,Dr. Anthony Rocha,7976.36,306.42,67,4977
ID00846,Allana Almeida,7793.55,451.28,841,821
ID00847,Eloah das Neves,9351.05,2023.71,118,3880
ID00848,Matteo Monteiro,7204.46,1605.46,514,1377
ID00849,Sra. Maria Borges,5444.58,376.21,382,3459
ID00850,Marina Viana,5163.31,208.46,519,288
ID00851,Apollo Vargas,7331.16,2027.22,97,3098
ID00852,Anthony Gabriel Peixoto,8974.01,2371.96,332,4602
ID00853,Júlia Fogaça,7017.6,1917.95,931,2513
ID00854,Srta. Maria Isis Costa,2497.54,865.97,157,4956
ID00855,Sr. Felipe Monteiro,4110.41,1597.7,374,2324
ID00856,Clarice Pimenta,9429.55,2382.87,22,66
ID00857,Sofia Jesus,112.26,14.47,698,1717
ID00858,Heloísa Abreu,6559.58,448.85,119,4011
ID00859,Pedro Henrique Pereira,7373.08,2457.61,283,2137
ID00860,Davi Luiz Montenegro,8191.71,3572.47,177,2878
ID00861,Otto das Neves,8150.99,1318.48,648,779
ID00862,Sr. Bento Fernandes,5066.59,1253.95,648,2059
ID00863,Levi Ribeiro,3276.92,1040.08,633,1991
ID00864,Sra. Raquel Mendes,3590.96,717.1,106,2252
ID00865,Luísa da Mata,7769.45,3846.0,571,2924
ID00866,Ana Vitória Marques,416.71,69.18,404,277
ID00867,Cauê Moraes,9666.53,2035.43,277,1305
ID00868,Nathan Pereira,9205.85,214.84,275,652
ID00869,Mariah Rios,9957.95,3229.15,8,2185
ID00870,Otto Vargas,2344.63,1158.79,955,1469
ID00871,Daniel Pacheco,2608.6,1208.62,843,4291
ID00872,Francisco Souza,6375.89,544.99,205,4645
ID00873,Laís Rodrigues,6141.06,227.07,293,350
ID00874,Srta. Mariana da Luz,2654.75,39.88,622,1300
ID00875,Daniel Porto,3361.04,1495.39,240,4777
ID00876,Sr. Anthony Aparecida,5531.47,547.42,990,259
ID00877,Alice Vasconcelos,6465.1,2434.38,913,1553
ID00878,Davi Jesus,4593.43,1255.71,461,4860
ID00879,Rafaela Alves,6228.87,1042.57,842,2840
ID00880,Sr. Bryan Sampaio,3715.65,1433.09,18,3431
ID00881,Heloisa Aragão,3700.48,887.92,923,1869
ID00882,Noah Alves,7251.43,2660.57,652,3155
ID00883,Murilo Cardoso,7665.53,56.68,890,1542
ID00884,Letícia Jesus,6184.95,1528.71,776,3214
ID00885,Ísis Araújo,1701.31,577.36,391,3644
ID00886,Sra. Ágatha Casa Grande,8290.18,3053.86,659,1759
ID00887,Carolina Ramos,2601.72,911.99,163,4658
ID00888,Enzo Gabriel Borges,121.97,55.56,767,1513
ID00889,Olivia da Paz,1077.58,83.09,181,3260
ID00890,José Cunha,2640.42,1191.92,432,2625
ID00891,Alexia Porto,5430.92,1152.29,476,983
ID00892,Vinicius Vasconcelos,2582.99,406.98,259,2334
ID00893,Anthony Porto,3816.61,980.59,512,4209
ID00894,Eduardo Vargas,9478.21,962.02,279,3332
ID00895,Thiago Carvalho,7251.46,3500.27,425,4552
ID00896,Lucas Gabriel Abreu,947.87,378.36,730,209
ID00897,Sra. Clara Farias,390.23,132.43,400,4371
ID00898,Ana Luiza Borges,3561.84,840.15,456,4554
ID00899,Sr. José Machado,7466.5,2626.17,487,4737
ID00900,Dr. Ravy Nascimento,1931.68,567.08,26,4974
ID00901,Antonella Barros,3621.89,557.52,69,1796
ID00902,Dr. Matheus Vasconcelos,1064.2,419.46,465,1055
ID00903,Ágatha Mendes,9832.25,2443.84,867,3607
ID00904,Mariane Moreira,8615.11,4230.65,501,2068
ID00905,Henry Casa Grande,4963.39,1760.65,741,1836
ID00906,Maria Liz Moraes,7774.95,1402.48,523,2162
ID00907,Sr. Brayan Casa Grande,3999.01,1069.95,918,4876
ID00908,Arthur Gabriel Gomes,1052.33,470.5,517,1145
ID00909,Bruna Rios,1539.47,718.85,200,363
ID00910,Vinicius da Mata,367.08,86.42,588,4289
ID00911,Liz Fogaça,600.36,188.78,577,1110
ID00912,Pietra Guerra,5675.18,229.7,366,1070
ID00913,Luiza Souza,8829.26,4029.84,44,2703
ID00914,Nina Moraes,1122.18,56.49,694,902
ID00915,Sr. Theodoro Andrade,3133.75,483.14,595,2993
ID00916,Sra. Maria Clara Fernandes,1886.88,6.71,773,3892
ID00917,Alana da Cruz,4109.08,1300.25,94,3423
ID00918,Ana Vitória Melo,8562.42,4039.98,443,4038
ID00919,Léo Lopes,8879.98,645.69,830,1685
ID00920,Isabelly Nogueira,7643.41,2400.3,197,2193
ID00921,Valentim Montenegro,809.9,55.42,330,2973
ID00922,Asafe Nunes,2984.59,1209.35,352,2016
ID00923,Sr. Luiz Otávio Cirino,1706.47,832.52,722,2785
ID00924,Dr. Ryan Mendes,8052.75,2002.0,100,4397
ID00925,Agatha Ramos,5903.97,1312.87,326,1427
ID00926,Rhavi Souza,966.07,152.69,279,2919
ID00927,Sra. Elisa Aparecida,6658.11,3325.49,116,3104
ID00928,Sra. Valentina Ribeiro,3288.4,538.87,342,13
ID00929,Matheus Sampaio,1973.3,640.92,655,1529
ID00930,Rodrigo Cunha,1780.58,496.58,487,1973
ID00931,Rafael Pinto,885.66,231.9,266,867
ID00932,Emanuella Pimenta,604.78,225.04,401,3800
ID00933,Luara Pacheco,4897.91,344.84,145,473
ID00934,Dr. Diego Moraes,9221.46,697.11,123,3311
ID00935,Maria Júlia da Costa,6114.38,287.11,84,4725
ID00936,Dr. Juan da Costa,5848.05,634.23,766,2476
ID00937,José Miguel da Costa,8467.21,1705.98,177,4351
ID00938,Maria Fernanda Marques,4580.82,611.15,346,1431
ID00939,Lucca Pinto,6503.28,1312.63,915,1452
ID00940,Clara Duarte,9169.35,3782.42,88,1732
ID00941,Diego Teixeira,6409.18,2617.22,785,2930
ID00942,Yan Cavalcanti,6789.78,1547.53,923,744
ID00943,Bruna Machado,3386.94,718.6,808,2477
ID00944,Gabrielly Sales,4640.73,130.55,358,1437
ID00945,Luiz Henrique Pereira,5045.04,2344.44,67,1030
ID00946,Caio Nogueira,9166.51,2016.52,102,2956
ID00947,Giovanna da Rocha,7541.01,456.53,138,1633
ID00948,Júlia Moraes,2444.95,668.99,677,4068
ID00949,Luiz Gustavo Jesus,8617.66,2541.08,653,3942
ID00950,Sr. Augusto Correia,9023.86,4448.68,900,2212
ID00951,Enrico Novais,7759.5,70.71,701,1477
ID00952,Anna Liz da Cunha,2788.72,697.85,727,903
ID00953,Laura Sales,3186.65,277.23,50,3730
ID00954,Mariah Dias,5348.64,1413.26,628,4611
ID00955,Maria Isis Aragão,5511.0,1815.75,892,3440
ID00956,Bento Farias,3243.24,1290.88,233,2711
ID00957,João Felipe Pimenta,9918.74,718.28,740,214
ID00958,Dra. Maysa das Neves,9755.48,2350.27,144,12
ID00959,Maria Vitória Mendes,932.07,396.05,873,1134
ID00960,Sr. Caio Silveira,7673.63,419.71,329,2555
ID00961,Caleb Montenegro,6708.16,2568.98,692,393
ID00962,Théo Farias,7607.97,2784.38,917,2948
ID00963,Dra. Aylla Nunes,9558.86,4714.73,975,4344
ID00964,Antônio Aparecida,6234.06,3068.65,918,3431
ID00965,Leonardo Borges,2177.04,783.43,611,1827
ID00966,Maria Júlia Santos,5732.73,2539.45,756,89
ID00967,Vinícius Costa,4207.55,1631.36,65,4743
ID00968,Juan Castro,6397.65,2978.72,914,2593
ID00969,Henry Gabriel Carvalho,7528.93,3324.13,796,3707
ID00970,Ian da Luz,3488.28,720.94,338,2181
ID00971,Liz Casa Grande,5212.23,793.2,811,4377
ID00972,Dra. Júlia Costela,3387.61,1135.95,953,3307
ID00973,Davi Luiz Ribeiro,9920.44,3748.54,951,117
ID00974,Emilly Costa,2219.16,1008.84,479,2448
ID00975,Allana Ferreira,4091.35,1512.44,848,1064
ID00976,Pietra Rocha,9202.05,823.07,195,1400
ID00977,João Gabriel Barros,6282.88,2906.56,80,2218
ID00978,Dra. Lara Vieira,5075.83,1284.8,602,1516
ID00979,Hellena Abreu,6647.51,403.5,960,2033
ID00980,Gustavo Henrique Sousa,4396.83,403.83,864,446
ID00981,Agatha Leão,5207.24,1830.37,93,774
ID00982,Diogo Mendonça,8842.25,2614.13,151,4612
ID00983,Ana Cecília Montenegro,2177.64,391.0,103,785
ID00984,Sr. Erick Marques,3829.0,240.49,588,4279
ID00985,Dr. Igor Rezende,2111.34,236.24,612,4671
ID00986,Kamilly Rocha,4495.5,645.06,144,3428
ID00987,Srta. Beatriz Ferreira,8414.14,401.98,926,1545
ID00988,Júlia Fogaça,9410.38,612.86,947,2177
ID00989,Larissa Cunha,2828.69,956.63,174,3651
ID00990,Yuri Gonçalves,9872.04,1658.66,103,741
ID00991,Erick Garcia,4023.45,125.34,352,3566
ID00992,Calebe Moreira,8857.89,3553.47,949,3502
ID00993,Raul Casa Grande,5932.99,973.64,494,4981
ID00994,Joana Siqueira,4982.58,610.39,893,484
ID00995,Evelyn Teixeira,3514.2,296.98,92,4591
ID00996,Bernardo da Luz,2833.22,649.09,811,1309
ID00997,Lunna Garcia,8578.42,3150.91,581,2767
ID00998,Ana Júlia Ferreira,6833.17,1551.71,891,554
ID00999,Maria Isis Novaes,7933.54,3249.43,279,3836
ID01000,Vitor Hugo Nunes,2904.01,587.3,25,3733
